Program and Plan,Level
Environment and Resources (MS),Graduate Year 2
Oceans (PhD),Graduate Year 1
Oceans (PhD),Graduate Year 1
Earth Systems (MS),Graduate Year 3
Sustainability Sci & Prac (MS),Graduate Year 3
Civil & Envir Engr (PhD),Graduate Year 3
Sustainability Sci & Prac (MS),Graduate Year 4+
Sustainability Sci & Prac (MS),Graduate Year 1
Symbolic Systems (BS),Senior
Data Science (BA),Senior
Sustainability Sci & Prac (MS),Graduate Year 2
Sustainability Sci & Prac (MA),Graduate Year 1
Civil & Envir Engr (PhD),Graduate Year 2
Earth Systems (MA),Graduate Year 3
Communication (BAS)/Human Biology (BAS),Senior